name,lat,lon,region,hub,catchment,crop,qty
Adrian Chuulu Home,-14.5107677,29.1119848,Kapiri,Likumbi,Likumbi,Groundnut,751
Adrian Chuulu Home,-14.5107677,29.1119848,Kapiri,Likumbi,Likumbi,Soy Bean,35407
Agripa Lombe - Musungu,-10.1488532,29.7542039,Northern,Kawambwa,Kawambwa,Navy Bean,19761
Agripa Lombe - Musungu,-10.1488532,29.7542039,Northern,Kawambwa,Kawambwa,Sugar bean,3721
Aitana BP,-13.7448867,32.2494633,Kasenengwa,Kasenengwa,Ng'ongwe,Cowpea,299
Aitana BP,-13.7448867,32.2494633,Kasenengwa,Kasenengwa,Ng'ongwe,Soy Bean,39829
Aitana BP,-13.7448867,32.2494633,Kasenengwa,Kasenengwa,Ng'ongwe,Sunflower,88
Aitana BP,-13.7448867,32.2494633,Kasenengwa,Kasenengwa,Ng'ongwe,Sunnhemp,0
Albert Musonda - Musundu,-10.027736,29.8969394,Northern,Kawambwa,Kawambwa,Navy Bean,10608
Albert Musonda - Musundu,-10.027736,29.8969394,Northern,Kawambwa,Kawambwa,Sugar bean,3172
Aliel,-13.89655,32.15112,Katete,Katete-Thiwi,Thiwi,Soy Bean,14100
Amon Phiri - Msokosela,-14.013029,32.540957,Chadiza,Chadiza East,Chadiza East B,Soy Bean,21123
Amon Phiri - Msokosela,-14.013029,32.540957,Chadiza,Chadiza East,Chadiza East B,Sunflower,150
Amon Phiri - Msokosela,-14.013029,32.540957,Chadiza,Chadiza East,Chadiza East B,Sunnhemp,509
Atison Chimawe Home,-14.44359,28.99267,Kapiri,Likumbi,Likumbi,Groundnut,1872
Atison Chimawe Home,-14.44359,28.99267,Kapiri,Likumbi,Likumbi,Soy Bean,35488
Baza farm,-12.077042,32.932215,Chipangali,Chasefu,Chasefu,Groundnut,5509
Baza farm,-12.077042,32.932215,Chipangali,Chasefu,Chasefu,Soy Bean,1028
Beatrice Nyirongo - Chasamwa,-12.18498,33.089649,Chipangali,Nkhanga,Nkhanga,Soy Bean,0
BERNARD MATOKA,,,North-Western,Mukumbi,Mukumbi,Sugar bean,875
Blessed SNV BBP,-12.50569,33.402329,Chipangali,Chasefu,KAMBALE,Groundnut,1129
Brasho,-13.476525,32.299009,Chipangali,Mphomwa,Mkowe,Soy Bean,9300
Bulking Center,-10.447188,30.122499,Northern,Luwingu,Luwingu B,Navy Bean,2084
Bulking Center,-10.447188,30.122499,Northern,Luwingu,Luwingu B,Sugar bean,23529
Buyanshi,-10.01527,29.95746,Northern,Lunte,Lunte C,Navy Bean,450
Buyantanshi,-10.01527,29.98746,Northern,Lunte,Lunte C,Navy Bean,11403
Buyantanshi,-10.01527,29.98746,Northern,Lunte,Lunte C,Sugar bean,1794
Bwanga BBP Shed,-10.36534,30.08668,Northern,Luwingu,Luwingu A,Navy Bean,4865
Bwanga BBP Shed,-10.36534,30.08668,Northern,Luwingu,Luwingu A,Sugar bean,7371
Catherine Bwalya - Nkandabana,-9.95542,29.96278,Northern,Lunte,Lunte C,Navy Bean,10604
Catherine Bwalya - Nkandabana,-9.95542,29.96278,Northern,Lunte,Lunte C,Sugar bean,1319
Chadiza Boma Aggregation Shed,-14.067541,32.445083,Chadiza,Chadiza East,Chadiza East B,Sunnhemp,233
Chalimbana,-13.782385,31.994883,Katete,Katete-Thiwi,Thiwi,Soy Bean,8484
Chamoto,-13.362562,32.619177,Chipangali,Chinunda,Chitandika,Groundnut,1269
Chamoto,-13.362562,32.619177,Chipangali,Chinunda,Chitandika,Soy Bean,27669
Champhero,-12.186808,33.00132,Chipangali,Nkhanga,Nkhanga,Groundnut,1757
Chanda BBP,-10.2856883,30.1484883,Northern,Luwingu,Luwingu A,Navy Bean,3173
Chanda BBP,-10.2856883,30.1484883,Northern,Luwingu,Luwingu A,Sugar bean,11701
Chanjoka,-14.23422,31.900375,Katete,Chanjoka-Kameta,Katete B,Soy Bean,10462
Chankomo,-13.8470175,29.2137344,Kapiri,Mpula 1,Mpula 1,Groundnut,1024
Chankomo,-13.8470175,29.2137344,Kapiri,Mpula 1,Mpula 1,Soy Bean,159524
Chaola,-13.437677,32.472151,Chipangali,Mnukwa,Mnukwa,Groundnut,262
Chaola,-13.437677,32.472151,Chipangali,Mnukwa,Mnukwa,Soy Bean,57670
Chaola Shed,-13.6176836,32.0810814,Kasenengwa,Kasenengwa,Mzapawi,Cowpea,19
Chaola Shed,-13.6176836,32.0810814,Kasenengwa,Kasenengwa,Mzapawi,Groundnut,2139
Chaola Shed,-13.6176836,32.0810814,Kasenengwa,Kasenengwa,Mzapawi,Soy Bean,33744
Chaola Shed,-13.6176836,32.0810814,Kasenengwa,Kasenengwa,Mzapawi,Sunnhemp,11
Chasamwa,-12.183159,33.093865,Chipangali,Nkhanga,Nkhanga,Groundnut,2760
Chasamwa,-12.183159,33.093865,Chipangali,Nkhanga,Nkhanga,Soy Bean,405
Chenda Eka,-10.0621483,30.211667,Northern,Lunte,Lunte B,Navy Bean,20422
Chenda Eka,-10.0621483,30.211667,Northern,Lunte,Lunte B,Sugar bean,18214
Chiguya,-13.829309,32.198951,Kasenengwa,Kasenengwa,Kwenje A,Soy Bean,23137
Chikaya,-10.4476269,29.2497619,Northern,Chipili,Chipili,Navy Bean,9421
Chikaya,-10.4476269,29.2497619,Northern,Chipili,Chipili,Sugar bean,2678
Chikoba,-13.408986,32.0851814,Chipangali,Mphomwa,Chisengu,Soy Bean,24700
Chikokola,-13.372095,32.4114,Chipangali,Mnukwa,Mnukwa,Groundnut,792
Chikokola,-13.372095,32.4114,Chipangali,Mnukwa,Mnukwa,Soy Bean,41950
Chikoti BBP,,,Northern,Luwingu,Luwingu A,Sugar bean,11959
Chikumbe,-13.49005,32.378628,Chipangali,Mphomwa,Mkowe,Soy Bean,8532
Chikungu farms,-13.787768,32.21976,Kasenengwa,Kasenengwa,Kwenje B,Soy Bean,51228
Chikungu farms,-13.787768,32.21976,Kasenengwa,Kasenengwa,Kwenje B,Sunnhemp,27
Chikuyu,-12.099484,33.027034,Chipangali,Nkhanga,Nkhanga,Groundnut,9486
Chikuyu,-12.099484,33.027034,Chipangali,Nkhanga,Nkhanga,Soy Bean,2733
Chikwa,-14.10616,32.0304,Katete,Chanjoka-Kameta,Katete A,Soy Bean,6940
Chikwanda,-9.4149615,31.5164642,Northern,Senga Hill,Kavumbo,Sugar bean,18114
Chilale,-13.422551,32.355506,Chipangali,Mphomwa,Kamwanjiri,Soy Bean,18175
Chilambo,-13.176365,31.948562,Chipangali,Mphomwa,Chisengu,Soy Bean,9597
Chilangwa,-9.5896519,31.2910787,Northern,Senga Hill,Senga,Navy Bean,5803
Chilangwa,-9.5896519,31.2910787,Northern,Senga Hill,Senga,Sugar bean,7
Chilasa,-14.251127,31.9550917,Katete,Chanjoka-Kameta,Katete B,Soy Bean,4105
Chilingondi,-14.097302,32.111377,Katete,Chanjoka-Kameta,Katete A,Soy Bean,9163
Chilwa,-8.9393847,31.072499,Northern,Vyamba,Vyamba,Navy Bean,909
Chilwa,-8.9393847,31.072499,Northern,Vyamba,Vyamba,Sugar bean,36612
Chimasula,-13.7433183,31.951325,Katete,Katete-Thiwi,Thiwi,Soy Bean,46296
Chimwala,-13.226456,32.660201,Chipangali,Chinunda,Chitandika,Groundnut,446
Chimwala,-13.226456,32.660201,Chipangali,Chinunda,Chitandika,Soy Bean,10694
Chindo Cooperative Sheds,-9.3195803,31.7014065,Northern,Senga Hill,Kavumbo,Sugar bean,16950
Chingaipe,-13.525843,32.430805,Chipangali,Mphomwa,Mkowe,Groundnut,713
Chingaipe,-13.525843,32.430805,Chipangali,Mphomwa,Mkowe,Soy Bean,22700
Chinkhombe SNV,-13.947637,31.964392,Katete,Chanjoka-Kameta,Katete C,Soy Bean,3630
Chipanda,-9.2563105,31.3025094,Northern,Senga Hill,Senga,Navy Bean,6851
Chipanda,-9.2563105,31.3025094,Northern,Senga Hill,Senga,Sugar bean,8881
Chipemba,-10.1057741,30.1969933,Northern,Luwingu,Luwingu A,Navy Bean,8303
Chipemba,-10.1057741,30.1969933,Northern,Luwingu,Luwingu A,Sugar bean,6965
Chipembere Shed,-13.7922248,32.241459,Kasenengwa,Kasenengwa,Mzapawi,Groundnut,109
Chipembere Shed,-13.7922248,32.241459,Kasenengwa,Kasenengwa,Mzapawi,Soy Bean,24730
Chipembere Shed,-13.7922248,32.241459,Kasenengwa,Kasenengwa,Mzapawi,Sunnhemp,0
Chisanga,-10.0129666,30.3883827,Northern,Lunte,Lunte D,Navy Bean,6777
Chisanga,-10.0129666,30.3883827,Northern,Lunte,Lunte D,Sugar bean,8672
Chisengu,-13.316795,32.226257,Chipangali,Mphomwa,Chisengu,Groundnut,1731
Chisengu,-13.316795,32.226257,Chipangali,Mphomwa,Chisengu,Soy Bean,45674
Chitasha,-10.0597651,30.210818,Northern,Lunte,Lunte B,Navy Bean,9362
Chitasha,-10.0597651,30.210818,Northern,Lunte,Lunte B,Sugar bean,11913
Chiteu Shed,-13.7150567,32.3889967,Kasenengwa,Kasenengwa,Kasenengwa,Cowpea,17
Chiteu Shed,-13.7150567,32.3889967,Kasenengwa,Kasenengwa,Kasenengwa,Groundnut,634
Chiteu Shed,-13.7150567,32.3889967,Kasenengwa,Kasenengwa,Kasenengwa,Soy Bean,28505
Chiteu Shed,-13.7150567,32.3889967,Kasenengwa,Kasenengwa,Kasenengwa,Sunnhemp,22
chitoshi Davies,-10.1049754,30.1991785,Northern,Lunte,Lunte B,Navy Bean,14491
chitoshi Davies,-10.1049754,30.1991785,Northern,Lunte,Lunte B,Sugar bean,26260
Chitoshi Shed,-10.1048117,30.199158,Northern,Lunte,Lunte B,Navy Bean,11961
Chitoshi Shed,-10.1048117,30.199158,Northern,Lunte,Lunte B,Sugar bean,16887
Chitwa West,-14.4909,24.86635,Western,Mulambwa,Mulambwa North,Groundnut,12620
Chitwa West,-14.4909,24.86635,Western,Mulambwa,Mulambwa North,Soy Bean,1520
Chiyende Yende,-12.295627,33.040732,Chipangali,Nkhanga,Nkhanga,Groundnut,4801
Chizingizi,-12.155282,32.994042,Chipangali,Nkhanga,Nkhanga,Groundnut,1932
Chungu Shed,-13.696365,32.24466,Kasenengwa,Kasenengwa,Ng'ongwe,Cowpea,48
Chungu Shed,-13.696365,32.24466,Kasenengwa,Kasenengwa,Ng'ongwe,Soy Bean,31202
Chungu Shed,-13.696365,32.24466,Kasenengwa,Kasenengwa,Ng'ongwe,Sunflower,73
Chungu Shed,-13.696365,32.24466,Kasenengwa,Kasenengwa,Ng'ongwe,Sunnhemp,0
Clever Byendo Home,-14.609342,28.8263608,Kapiri,Likumbi,Likumbi,Groundnut,5414
Clever Byendo Home,-14.609342,28.8263608,Kapiri,Likumbi,Likumbi,Soy Bean,73847
DACO Shed,-9.95901,30.4292,Northern,Lunte,Lunte D,Navy Bean,16411
DACO Shed,-9.95901,30.4292,Northern,Lunte,Lunte D,Sugar bean,28820
Doris Mulenga - Lunte,-10.2125961,30.230826,Northern,Lunte,Lunte B,Navy Bean,7066
Doris Mulenga - Lunte,-10.2125961,30.230826,Northern,Lunte,Lunte B,Sugar bean,14680
Dowoko,-12.206067,33.064651,Chipangali,Nkhanga,Nkhanga,Groundnut,7940
Elijah,-12.165902,32.92437,Chipangali,Nkhanga,Nkhanga,Groundnut,1912
Eunice,-14.113242,31.900869,Katete,Chanjoka-Kameta,Katete B,Soy Bean,11371
Evaness Kapemba Home,-14.3632963,28.8839635,Kapiri,Likumbi,Likumbi,Groundnut,2625
Evaness Kapemba Home,-14.3632963,28.8839635,Kapiri,Likumbi,Likumbi,Soy Bean,21316
Fackson Tindiza Home,-14.37634,28.90492,Kapiri,Likumbi,Likumbi,Groundnut,2372
Fackson Tindiza Home,-14.37634,28.90492,Kapiri,Likumbi,Likumbi,Soy Bean,39960
Feni,-13.7360494,32.3084485,Kasenengwa,Kasenengwa,Kasenengwa,Cowpea,124
Feni,-13.7360494,32.3084485,Kasenengwa,Kasenengwa,Kasenengwa,Soy Bean,15823
Feni,-13.7360494,32.3084485,Kasenengwa,Kasenengwa,Kasenengwa,Sunflower,0
Fikunyu Community,-10.417535,30.1820917,Northern,Luwingu,Luwingu A,Navy Bean,8708
Fikunyu Community,-10.417535,30.1820917,Northern,Luwingu,Luwingu A,Sugar bean,17273
Francis Musonda - Lunte,-10.2018656,30.230826,Northern,Lunte,Lunte B,Navy Bean,22745
Francis Musonda - Lunte,-10.2018656,30.230826,Northern,Lunte,Lunte B,Sugar bean,21637
Gift Muyaba - Kasonde,-11.912434,25.62424,North-Western,Mukumbi,Mukumbi,Sugar bean,12292
Gift Mweeta Home,-14.4616649,28.8825986,Kapiri,Likumbi,Likumbi,Groundnut,916
Gift Mweeta Home,-14.4616649,28.8825986,Kapiri,Likumbi,Likumbi,Soy Bean,84720
Gulani 1,,,Test Region,// Test District,// Test Camp 1,Soy Bean,250
Guma,-14.209733,31.973616,Katete,Chanjoka-Kameta,Katete A,Soy Bean,4554
Gundu,-12.155282,32.994042,Chipangali,Nkhanga,Nkhanga,Groundnut,1779
Gundu,-12.155282,32.994042,Chipangali,Nkhanga,Nkhanga,Soy Bean,275
Ignatius Mwenya - Kasonde,-10.1008982,29.9079921,Northern,Kawambwa,Kawambwa,Navy Bean,24195
Ignatius Mwenya - Kasonde,-10.1008982,29.9079921,Northern,Kawambwa,Kawambwa,Sugar bean,4638
Jackson Mulenga - Musundu,-10.0140762,29.8947691,Northern,Kawambwa,Kawambwa,Navy Bean,7981
Jackson Mulenga - Musundu,-10.0140762,29.8947691,Northern,Kawambwa,Kawambwa,Sugar bean,715
Jekapu,-8.996958,31.057197,Northern,Vyamba,Vyamba,Navy Bean,570
Jekapu,-8.996958,31.057197,Northern,Vyamba,Vyamba,Sugar bean,11986
John Chongo - Nkandabana,-9.95539,29.96274,Northern,Lunte,Lunte B,Navy Bean,950
John Chongo - Nkandabana,-9.95539,29.96274,Northern,Lunte,Lunte C,Navy Bean,6227
John Chongo - Nkandabana,-9.95539,29.96274,Northern,Lunte,Lunte C,Sugar bean,1910
Kabalachi Shed,-14.25738,24.3644,Western,Kalumwange,Kalumwange North,Groundnut,795
Kabalachi Shed,-14.25738,24.3644,Western,Kalumwange,Kalumwange North,Soy Bean,59721
Kabanga - B,,,North-Western,Mukumbi,Mukumbi,Sugar bean,5945
Kabishi,-11.9191682,25.4695144,North-Western,Musele & Kisasa,Musele & Kisasa,Sugar bean,1589
Kabwela,-10.20336,30.05551,Northern,Lunte,Lunte C,Navy Bean,15825
Kabwela,-10.20336,30.05551,Northern,Lunte,Lunte C,Sugar bean,2028
Kachete-chete,-13.940478,32.536891,Chadiza,Chadiza West,Chadiza West A,Soy Bean,9284
Kachibwe,-10.5953571,30.0913008,Northern,Luwingu,Luwingu B,Navy Bean,200
Kachibwe,-10.5953571,30.0913008,Northern,Luwingu,Luwingu B,Sugar bean,11765
Kachila,-13.6187933,32.1336317,Kasenengwa,Kasenengwa,Kampheta,Soy Bean,21463
Kachila,-13.6187933,32.1336317,Kasenengwa,Kasenengwa,Kampheta,Sunnhemp,11
Kachiwezhi,-12.31814,25.84645,North-Western,Musele & Kisasa,Musele & Kisasa,Sugar bean,2979
Kaembe,-10.0740724,30.046556,Northern,Lunte,Lunte C,Navy Bean,13150
Kaembe,-10.0740724,30.046556,Northern,Lunte,Lunte C,Sugar bean,23090
Kafunkha SNV,-14.079377,31.941639,Katete,Chanjoka-Kameta,Katete B,Soy Bean,594
Kagoro,-14.237725,32.071498,Katete,Chanjoka-Kameta,Katete C,Soy Bean,32954
Kagoro 4,-14.237869,32.124016,Katete,Chanjoka-Kameta,Katete C,Soy Bean,8044
Kajeje,-14.20154,24.96588,Western,Kalumwange,Kalumwange South,Groundnut,1305
Kajeje,-14.20154,24.96588,Western,Kalumwange,Kalumwange South,Soy Bean,14189
Kakumba SNV BBP,-12.389009,33.18132,Chipangali,Chasefu,MSUZI,Groundnut,648
Kalemba,-14.085299,32.6445007,Chadiza,Chadiza East,Chadiza East A,Soy Bean,23955
Kalumwange,-14.23983,24.96545,Western,Kalumwange,Kalumwange North,Groundnut,333
Kalumwange,-14.23983,24.96545,Western,Kalumwange,Kalumwange North,Soy Bean,22593
kalumwangwe B,-14.8301097,24.8087126,Western,Kalumwange,Kalumwange North,Groundnut,38
kalumwangwe B,-14.8301097,24.8087126,Western,Kalumwange,Kalumwange North,Soy Bean,3468
Kalundu,-10.2903251,29.387211,Northern,Chipili,Chipili,Navy Bean,6594
Kalundu,-10.2903251,29.387211,Northern,Chipili,Chipili,Sugar bean,6944
Kalyati,-9.28446,31.22429,Northern,Senga Hill,Senga,Navy Bean,4768
Kalyati,-9.28446,31.22429,Northern,Senga Hill,Senga,Sugar bean,10730
Kambale SNV BBP,-12.39488,33.284943,Chipangali,Chasefu,Chasefu,Groundnut,4023
Kambeteka,-11.8571,33.095697,Chipangali,Chasefu,Chasefu,Groundnut,3756
Kambeteka,-11.8571,33.095697,Chipangali,Chasefu,Chasefu,Soy Bean,2750
Kambwata,-13.53264,32.307625,Kasenengwa,Kasenengwa,Mzapawi,Soy Bean,13248
Kamchacha,-14.059294,32.328752,Chadiza,Chadiza West,Chadiza West A,Soy Bean,10607
Kamchacha,-14.059294,32.328752,Chadiza,Chadiza West,Chadiza West A,Sunnhemp,24
Kameta,-14.3491,32.06574,Katete,Chanjoka-Kameta,Katete C,Soy Bean,12431
Kamikolo,-11.934048,25.66842,North-Western,Mukumbi,Mukumbi,Sugar bean,36877
Kamoba,-13.299114,32.6941206,Chipangali,Chinunda,Mafuta,Groundnut,480
Kamoba,-13.299114,32.6941206,Chipangali,Chinunda,Mafuta,Soy Bean,3582
Kamphambe,-14.0529426,32.1382344,Katete,Chanjoka-Kameta,Katete A,Soy Bean,10273
Kamphambe SNV,-15.5759,31.0483,Katete,Chanjoka-Kameta,Katete C,Soy Bean,3036
Kampheta Village,-13.61495,32.081801,Kasenengwa,Kasenengwa,Kampheta,Soy Bean,2451
Kamwanjiri,-13.372645,32.30445,Chipangali,Mphomwa,Kamwanjiri,Soy Bean,21000
Kanabilumbu,-14.3704667,24.9202783,Western,Kalumwange,Kalumwange South,Groundnut,5307
Kanabilumbu,-14.3704667,24.9202783,Western,Kalumwange,Kalumwange South,Soy Bean,9628
Kangombe Shed,-13.9259985,32.2145096,Kasenengwa,Kasenengwa,Pwata,Cowpea,502
Kangombe Shed,-13.9259985,32.2145096,Kasenengwa,Kasenengwa,Pwata,Soy Bean,52475
Kangombe Shed,-13.9259985,32.2145096,Kasenengwa,Kasenengwa,Pwata,Sunflower,282
Kangombe Shed,-13.9259985,32.2145096,Kasenengwa,Kasenengwa,Pwata,Sunnhemp,336
Kankonzhi,-12.244953,25.23228,North-Western,Musele & Kisasa,Musele & Kisasa,Sugar bean,1230
Kansasa,-10.521884,30.103466,Northern,Luwingu,Luwingu B,Navy Bean,976
Kansasa,-10.521884,30.103466,Northern,Luwingu,Luwingu B,Sugar bean,34999
Kanshimba,-10.69369,29.116566,Northern,Chipili,Chipili,Navy Bean,3910
Kanshimba,-10.69369,29.116566,Northern,Chipili,Chipili,Sugar bean,273
Kansomba,-13.73383,32.1957317,Kasenengwa,Kasenengwa,Ng'ongwe,Soy Bean,21062
Kanyikezhi,-11.99872,25.14801,North-Western,Musele & Kisasa,Musele & Kisasa,Sugar bean,7742
Kanyikezhi B,,,North-Western,Musele & Kisasa,Musele & Kisasa,Sugar bean,5348
Kapachi,-14.0867828,32.6290335,Chadiza,Chadiza East,Chadiza East B,Soy Bean,21853
Kapachi,-14.0867828,32.6290335,Chadiza,Chadiza East,Chadiza East B,Sunflower,30
Kapachi,-14.0867828,32.6290335,Chadiza,Chadiza East,Chadiza East B,Sunnhemp,6
Kapenya,-13.490315,32.348467,Chipangali,Mphomwa,Mkowe,Groundnut,391
Kapenya,-13.490315,32.348467,Chipangali,Mphomwa,Mkowe,Soy Bean,21125
Kapilu,-12.0225807,33.1771167,Chipangali,Chasefu,Chasefu,Groundnut,4039
Kapilu,-12.0225807,33.1771167,Chipangali,Chasefu,Chasefu,Soy Bean,25
Kapoli 1,-9.3117489,31.2767635,Northern,Senga Hill,Senga,Navy Bean,4072
Kapoli 1,-9.3117489,31.2767635,Northern,Senga Hill,Senga,Sugar bean,10262
Kapoli 2,-9.3781214,31.2970567,Northern,Senga Hill,Senga,Navy Bean,4918
Kapoli 2,-9.3781214,31.2970567,Northern,Senga Hill,Senga,Sugar bean,6206
Kasambeni,-13.6040517,32.0253717,Kasenengwa,Kasenengwa,Kampheta,Soy Bean,23438
Kasambeni,-13.6040517,32.0253717,Kasenengwa,Kasenengwa,Kampheta,Sunnhemp,15
Kasenengwa Shed,-13.718052,32.322974,Kasenengwa,Kasenengwa,Kasenengwa,Groundnut,91
Kasenengwa Shed,-13.718052,32.322974,Kasenengwa,Kasenengwa,Kasenengwa,Soy Bean,25980
Kasenengwa Shed,-13.718052,32.322974,Kasenengwa,Kasenengwa,Kasenengwa,Sunflower,30
Kasenengwa Shed,-13.718052,32.322974,Kasenengwa,Kasenengwa,Kasenengwa,Sunnhemp,18
Kashambila,-12.26381,25.14149,North-Western,Musele & Kisasa,Musele & Kisasa,Sugar bean,2622
Katawa SNV,-14.202283,32.043068,Katete,Chanjoka-Kameta,Katete C,Soy Bean,957
Katongo,-10.09616,30.06171,Northern,Lunte,Lunte C,Navy Bean,6740
Katongo,-10.09616,30.06171,Northern,Lunte,Lunte C,Sugar bean,6960
Katongozola,-14.06308,32.18302,Chadiza,Chadiza West,Chadiza West B,Soy Bean,24517
Katongozola,-14.06308,32.18302,Chadiza,Chadiza West,Chadiza West B,Sunflower,60
Katopola SNV BBP,-12.49244,33.169832,Chipangali,Chasefu,MKOMBA,Groundnut,0
Katulo,-9.0165814,31.0150068,Northern,Vyamba,Vyamba,Navy Bean,539
Katulo,-9.0165814,31.0150068,Northern,Vyamba,Vyamba,Sugar bean,8653
Kaulasisi,-12.191596,32.949467,Chipangali,Nkhanga,Nkhanga,Groundnut,4481
Kaungo Shed,-13.6162617,32.07876,Kasenengwa,Kasenengwa,Kampheta,Soy Bean,18132
Kaungo Shed,-13.6162617,32.07876,Kasenengwa,Kasenengwa,Kampheta,Sunnhemp,9
Kavinaka SNV BBP,-12.354281,32.833372,Chipangali,Chasefu,MKOMBA,Groundnut,1724
Kavumbo,-9.1668822,31.5692065,Northern,Senga Hill,Kavumbo,Sugar bean,19196
Kawalala,-14.200383,31.810275,Katete,Chanjoka-Kameta,Katete B,Soy Bean,2450
Kawaza,-14.184929,32.31027,Chadiza,Chadiza West,Chadiza West B,Soy Bean,7195
Kawene,-13.96067,32.432316,Chadiza,Chadiza West,Chadiza West A,Soy Bean,21885
Kawene,-13.96067,32.432316,Chadiza,Chadiza West,Chadiza West A,Sunflower,60
Kawene,-13.96067,32.432316,Chadiza,Chadiza West,Chadiza West A,Sunnhemp,40
Kawowola SNV BBP,-12.401363,33.008997,Chipangali,Chasefu,KAMBALE,Groundnut,2069
Kayala Phiri - Champhala,-14.26586,31.94742,Katete,Chanjoka-Kameta,Katete B,Soy Bean,22713
Kennedy Mukuka - Nkandabana,-9.95539,29.574615,Northern,Lunte,Lunte C,Navy Bean,4390
Kennedy Mukuka - Nkandabana,-9.95539,29.574615,Northern,Lunte,Lunte C,Sugar bean,250
Kisasa,-12.10945,25.49242,North-Western,Musele & Kisasa,Musele & Kisasa,Sugar bean,4135
Kunda Shed,-13.832795,32.231905,Kasenengwa,Kasenengwa,Kwenje A,Soy Bean,52694
Kunda Shed,-13.832795,32.231905,Kasenengwa,Kasenengwa,Kwenje A,Sunflower,253
Kwaba,-13.3518326,32.70736,Chipangali,Chinunda,Mafuta,Groundnut,1033
Kwaba,-13.3518326,32.70736,Chipangali,Chinunda,Mafuta,Soy Bean,12130
Kyanika,-11.917132,25.68034,North-Western,Mukumbi,Mukumbi,Sugar bean,13076
Lameck Katebe Home,-14.50932,28.88596,Kapiri,Likumbi,Likumbi,Groundnut,1335
Lameck Katebe Home,-14.50932,28.88596,Kapiri,Likumbi,Likumbi,Soy Bean,32024
Lolo Bwela BBP,-10.29644,30.07419,Northern,Luwingu,Luwingu A,Navy Bean,6519
Lolo Bwela BBP,-10.29644,30.07419,Northern,Luwingu,Luwingu A,Sugar bean,11952
Lubinga,-12.1696233,25.7218867,North-Western,Mukumbi,Mukumbi,Sugar bean,2424
Lubushi,-10.245081,30.478785,Northern,Lunte,Lunte A,Navy Bean,14250
Lubushi,-10.245081,30.478785,Northern,Lunte,Lunte A,Sugar bean,7180
Lukhalo,-13.415439,32.606768,Chipangali,Mnukwa,Mnukwa,Groundnut,232
Lukhalo,-13.415439,32.606768,Chipangali,Mnukwa,Mnukwa,Soy Bean,15761
lunchu,-13.8766171,28.9090093,Kapiri,Mpula 1,Mpula 1,Groundnut,80
lunchu,-13.8766171,28.9090093,Kapiri,Mpula 1,Mpula 1,Soy Bean,35788
Lunyati,-14.2492533,24.8604883,Western,Kalumwange,Kalumwange North,Groundnut,80
Lunyati,-14.2492533,24.8604883,Western,Kalumwange,Kalumwange North,Soy Bean,7598
Lupososhi,-10.352216,29.475846,Northern,Chipili,Chipili,Navy Bean,5535
Lupososhi,-10.352216,29.475846,Northern,Chipili,Chipili,Sugar bean,8754
Lwenge,-10.1866282,29.9256279,Northern,Kawambwa,Kawambwa,Navy Bean,7215
Lwenge,-10.1866282,29.9256279,Northern,Kawambwa,Kawambwa,Sugar bean,12125
Lyanda,-9.5493917,31.4734267,Northern,Senga Hill,Senga,Navy Bean,3030
Lyanda,-9.5493917,31.4734267,Northern,Senga Hill,Senga,Sugar bean,8036
Lyson Tembo - Champhala,-14.2511315,31.9551481,Katete,Chanjoka-Kameta,Katete A,Soy Bean,9801
Mabanga,-11.996952,25.604533,North-Western,Mukumbi,Mukumbi,Sugar bean,17596
Magamba,-14.2543,31.983383,Katete,Chanjoka-Kameta,Katete A,Soy Bean,6233
Magoboza,-13.319758,32.700155,Chipangali,Chinunda,Mafuta,Groundnut,420
Magoboza,-13.319758,32.700155,Chipangali,Chinunda,Mafuta,Soy Bean,7837
Magomero,-13.689975,32.2013871,Kasenengwa,Kasenengwa,Mulima,Groundnut,184
Magomero,-13.689975,32.2013871,Kasenengwa,Kasenengwa,Mulima,Soy Bean,63968
Magomero,-13.689975,32.2013871,Kasenengwa,Kasenengwa,Mulima,Sunflower,124
Magonde,-11.8571,33.095697,Chipangali,Chasefu,Chasefu,Groundnut,2443
Magonde,-11.8571,33.095697,Chipangali,Chasefu,Chasefu,Soy Bean,833
Malijeni,-13.780695,32.186853,Kasenengwa,Kasenengwa,Kwenje B,Soy Bean,34748
Mangala,-12.031295,25.85955,North-Western,Mukumbi,Mukumbi,Sugar bean,7958
Mangani,-10.10611,30.448562,Northern,Lunte,Lunte A,Navy Bean,3900
Mangani,-10.10611,30.448562,Northern,Lunte,Lunte A,Sugar bean,800
Manyenje,-13.296025,32.54205,Chipangali,Chinunda,Chitandika,Groundnut,40
Manyenje,-13.296025,32.54205,Chipangali,Chinunda,Chitandika,Soy Bean,4950
Manzi BBP,-9.2911,31.55759,Northern,Senga Hill,Kavumbo,Sugar bean,4916
Masala,-13.82771,32.198951,Kasenengwa,Kasenengwa,Kwenje A,Soy Bean,22408
Masala,-13.82771,32.198951,Kasenengwa,Kasenengwa,Kwenje A,Sunflower,300
Masamba,-9.13592,31.3795086,Northern,Senga Hill,Senga,Navy Bean,22954
Masuku,-14.1610562,32.549189,Chadiza,Chadiza East,Chadiza East B,Soy Bean,11038
Masuku,-14.1610562,32.549189,Chadiza,Chadiza East,Chadiza East B,Sunflower,150
Maybin Chanda - Musundu,-10.0113896,29.896769,Northern,Kawambwa,Kawambwa,Navy Bean,7097
Maybin Chanda - Musundu,-10.0113896,29.896769,Northern,Kawambwa,Kawambwa,Sugar bean,2609
Mbale,-14.3852952,24.9046392,Western,Kalumwange,Kalumwange South,Groundnut,4602
Mbale,-14.3852952,24.9046392,Western,Kalumwange,Kalumwange South,Soy Bean,325
Mbinga,-14.0695543,32.271241,Chadiza,Chadiza West,Chadiza West A,Soy Bean,10592
Mbingwa SNV,-14.211882,31.992619,Katete,Chanjoka-Kameta,Katete C,Soy Bean,825
Mbole,-12.11059,25.49094,North-Western,Musele & Kisasa,Musele & Kisasa,Sugar bean,1797
Mbole West,-14.2428103,24.9658548,Western,Kalumwange,Kalumwange North,Groundnut,379
Mbole West,-14.2428103,24.9658548,Western,Kalumwange,Kalumwange North,Soy Bean,17724
Mduwi,-13.35421,32.541476,Chipangali,Mnukwa,Mnukwa,Groundnut,92
Mduwi,-13.35421,32.541476,Chipangali,Mnukwa,Mnukwa,Soy Bean,24200
Menga Centre,-10.10581,30.19663,Northern,Luwingu,Luwingu A,Navy Bean,6500
Menga Centre,-10.10581,30.19663,Northern,Luwingu,Luwingu A,Sugar bean,9704
Menga Laishi,-10.105869,30.196125,Northern,Luwingu,Luwingu A,Navy Bean,12369
Menga Laishi,-10.105869,30.196125,Northern,Luwingu,Luwingu A,Sugar bean,5879
Menje Shed,-9.451424,31.4145831,Northern,Senga Hill,Senga,Navy Bean,3705
Menje Shed,-9.451424,31.4145831,Northern,Senga Hill,Senga,Sugar bean,5966
Metallic Shed,-13.6393933,32.3756767,Kasenengwa,Kasenengwa,Katondo,Cowpea,1055
Metallic Shed,-13.6393933,32.3756767,Kasenengwa,Kasenengwa,Katondo,Soy Bean,42299
Metallic Shed,-13.6393933,32.3756767,Kasenengwa,Kasenengwa,Katondo,Sunnhemp,136
Mimbulu,-10.4087161,29.3028569,Northern,Chipili,Chipili,Navy Bean,6145
Mimbulu,-10.4087161,29.3028569,Northern,Chipili,Chipili,Sugar bean,4571
Misambula BBP,-10.4551317,30.22272,Northern,Luwingu,Luwingu A,Sugar bean,47652
Mitawa,-13.787746,32.220014,Kasenengwa,Kasenengwa,Kwenje B,Soy Bean,15309
Mitawa,-13.787746,32.220014,Kasenengwa,Kasenengwa,Kwenje B,Sunflower,90
Mkondo,-13.7165085,32.320495,Kasenengwa,Kasenengwa,Pwata,Soy Bean,9768
mlolo,-14.1850859,32.3103711,Chadiza,Chadiza West,Chadiza West B,Soy Bean,5653
mlolo,-14.1850859,32.3103711,Chadiza,Chadiza West,Chadiza West B,Sunflower,60
Mpalapata Shed,-10.205943,30.351931,Northern,Lunte,Lunte A,Navy Bean,3422
Mpalapata Shed,-10.205943,30.351931,Northern,Lunte,Lunte A,Sugar bean,18138
Mphande,-13.8612683,32.1966733,Katete,Katete-Thiwi,Thiwi,Soy Bean,35924
Mpula Shed,-13.8795633,28.8961717,Kapiri,Mpula 1,Mpula 1,Groundnut,738
Mpula Shed,-13.8795633,28.8961717,Kapiri,Mpula 1,Mpula 1,Soy Bean,36933
Mshulu SNV,-14.1483,31.8578,Katete,Chanjoka-Kameta,Katete B,Soy Bean,1815
Mtaya,-14.01395,32.656823,Chadiza,Chadiza East,Chadiza East A,Soy Bean,14965
Mtaya,-14.01395,32.656823,Chadiza,Chadiza East,Chadiza East A,Sunnhemp,23
Mtelemuka SNV,-14.197402,32.042274,Katete,Chanjoka-Kameta,Katete C,Soy Bean,231
Mtsale SNV,-14.1483,31.8578,Katete,Chanjoka-Kameta,Katete B,Soy Bean,957
Mucheleka BBP,-10.3816833,30.19708,Northern,Luwingu,Luwingu A,Navy Bean,487
Mucheleka BBP,-10.3816833,30.19708,Northern,Luwingu,Luwingu A,Sugar bean,32811
Mukumbi Central,-12.082454,25.779192,North-Western,Mukumbi,Mukumbi,Sugar bean,3225
Mulalila,-14.483875,24.9497733,Western,Mulambwa,Mulambwa South,Groundnut,1223
Mulalila,-14.483875,24.9497733,Western,Mulambwa,Mulambwa South,Soy Bean,34644
Mulenga Mapesa,-10.155105,30.542481,Northern,Lunte,Lunte A,Navy Bean,8053
Mulenga Mapesa,-10.155105,30.542481,Northern,Lunte,Lunte A,Sugar bean,11400
Mulima Village,-13.6461805,32.2340132,Kasenengwa,Kasenengwa,Mulima,Groundnut,178
Mulima Village,-13.6461805,32.2340132,Kasenengwa,Kasenengwa,Mulima,Soy Bean,65565
Mulima Village,-13.6461805,32.2340132,Kasenengwa,Kasenengwa,Mulima,Sunflower,51
Mulima Village,-13.6461805,32.2340132,Kasenengwa,Kasenengwa,Mulima,Sunnhemp,16
Mulokoso,-10.09701,30.07872,Northern,Lunte,Lunte C,Navy Bean,9017
Mulokoso,-10.09701,30.07872,Northern,Lunte,Lunte C,Sugar bean,1144
Mulukuma,-10.1104033,30.3080117,Northern,Lunte,Lunte A,Navy Bean,3800
Mulukuma,-10.1104033,30.3080117,Northern,Lunte,Lunte A,Sugar bean,19250
Mung'anga,-10.5371019,29.156999,Northern,Chipili,Chipili,Navy Bean,9509
Mung'anga,-10.5371019,29.156999,Northern,Chipili,Chipili,Sugar bean,128
Munyukwa,-12.035999,32.963826,Chipangali,Chasefu,Chasefu,Groundnut,3947
Munyukwa,-12.035999,32.963826,Chipangali,Chasefu,Chasefu,Soy Bean,7125
Musele,-12.14664,25.38972,North-Western,Musele & Kisasa,Musele & Kisasa,Sugar bean,3726
Musele Chipili,-10.3909409,29.331578,Northern,Chipili,Chipili,Navy Bean,4338
Musele Chipili,-10.3909409,29.331578,Northern,Chipili,Chipili,Sugar bean,5378
mushika 2(frank),-10.1016625,30.2015573,Northern,Lunte,Lunte B,Navy Bean,17847
mushika 2(frank),-10.1016625,30.2015573,Northern,Lunte,Lunte B,Sugar bean,16334
Mushwala,-14.7597643,24.2299206,Western,Kalumwange,Kalumwange South,Groundnut,7303
Mushwala,-14.7597643,24.2299206,Western,Kalumwange,Kalumwange South,Soy Bean,400
Musungu Shed,-10.1942025,29.7080615,Northern,Kawambwa,Kawambwa,Navy Bean,2445
Musungu Shed,-10.1942025,29.7080615,Northern,Kawambwa,Kawambwa,Sugar bean,4708
Mutale Munkonge,-10.381139,30.376584,Northern,Lunte,Lunte A,Navy Bean,7100
Mutale Munkonge,-10.381139,30.376584,Northern,Lunte,Lunte A,Sugar bean,1450
Muyembe Lewis Shed,-10.1057946,30.1998791,Northern,Lunte,Lunte C,Navy Bean,11824
Muyembe Lewis Shed,-10.1057946,30.1998791,Northern,Lunte,Lunte C,Sugar bean,1741
Muyembe-Menala,-10.097205,30.07868,Northern,Lunte,Lunte C,Navy Bean,12532
Muyembe-Menala,-10.097205,30.07868,Northern,Lunte,Lunte C,Sugar bean,14412
Muzizi,-9.3639537,31.2316945,Northern,Senga Hill,Senga,Navy Bean,5194
Muzizi,-9.3639537,31.2316945,Northern,Senga Hill,Senga,Sugar bean,5133
Mwana Mulangileni,-13.70446,32.134349,Kasenengwa,Kasenengwa,Ng'ongwe,Soy Bean,2886
Mwangala,-14.226855,32.502494,Chadiza,Chadiza East,Chadiza East B,Soy Bean,9100
Mwangala,-14.226855,32.502494,Chadiza,Chadiza East,Chadiza East B,Sunnhemp,259
Mwangazi,-14.0610087,32.4703794,Chadiza,Chadiza East,Chadiza East A,Soy Bean,12226
Mwangazi,-14.0610087,32.4703794,Chadiza,Chadiza East,Chadiza East A,Sunflower,0
Mwelwa,-13.6869483,32.3636767,Kasenengwa,Kasenengwa,Katondo,Cowpea,2006
Mwelwa,-13.6869483,32.3636767,Kasenengwa,Kasenengwa,Katondo,Groundnut,794
Mwelwa,-13.6869483,32.3636767,Kasenengwa,Kasenengwa,Katondo,Soy Bean,67049
Mwelwa,-13.6869483,32.3636767,Kasenengwa,Kasenengwa,Katondo,Sunnhemp,129
Mwibwe BBP,-10.18695,30.0703567,Northern,Luwingu,Luwingu A,Navy Bean,5010
Mwibwe BBP,-10.18695,30.0703567,Northern,Luwingu,Luwingu A,Sugar bean,12146
Mzime,-14.18586,32.00382,Katete,Chanjoka-Kameta,Katete A,Soy Bean,16162
Mzoole,-13.27876,32.691313,Chipangali,Chinunda,Chitandika,Groundnut,1177
Mzoole,-13.27876,32.691313,Chipangali,Chinunda,Chitandika,Soy Bean,8151
Namaloba,-14.771182,24.794475,Western,Mulambwa,Mulambwa North,Groundnut,5967
Namaloba,-14.771182,24.794475,Western,Mulambwa,Mulambwa North,Soy Bean,61
Naviruli Shed,-14.03495,32.1803,Chadiza,Chadiza West,Chadiza West B,Soy Bean,9147
Naviruli Shed,-14.03495,32.1803,Chadiza,Chadiza West,Chadiza West B,Sunflower,174
Naviruli Shed,-14.03495,32.1803,Chadiza,Chadiza West,Chadiza West B,Sunnhemp,22
Ndaiwala SNV BBP,-12.796973,32.936612,Chipangali,Chasefu,KAMBALE,Groundnut,329
Ngwanda,-13.395411,32.690078,Chipangali,Chinunda,Mafuta,Groundnut,2239
Ngwanda,-13.395411,32.690078,Chipangali,Chinunda,Mafuta,Soy Bean,8054
Njeke,-10.214884,29.798963,Northern,Kawambwa,Kawambwa,Navy Bean,10027
Njeke,-10.214884,29.798963,Northern,Kawambwa,Kawambwa,Sugar bean,1777
Njolo,-13.3198058,32.7001978,Chipangali,Chinunda,Mafuta,Groundnut,901
Njolo,-13.3198058,32.7001978,Chipangali,Chinunda,Mafuta,Soy Bean,8203
Nkalanga,-10.2114971,30.2338917,Northern,Lunte,Lunte B,Navy Bean,10300
Nkalanga,-10.2114971,30.2338917,Northern,Lunte,Lunte B,Sugar bean,12399
Nkantya,-9.4289745,31.230979,Northern,Senga Hill,Senga,Navy Bean,3057
Nkantya,-9.4289745,31.230979,Northern,Senga Hill,Senga,Sugar bean,1712
Nkatya,-9.4593817,31.3667717,Northern,Senga Hill,Senga,Sugar bean,30
Nkenyauli,-12.1943646,25.2165195,North-Western,Musele & Kisasa,Musele & Kisasa,Sugar bean,9306
Nkheyema,-14.837614,25.153949,Western,Mulambwa,Mulambwa South,Groundnut,99
Nkheyema,-14.837614,25.153949,Western,Mulambwa,Mulambwa South,Soy Bean,3245
Nkhuni Village,-13.6395817,32.248875,Kasenengwa,Kasenengwa,Mulima,Groundnut,1455
Nkhuni Village,-13.6395817,32.248875,Kasenengwa,Kasenengwa,Mulima,Soy Bean,52100
Nkhuni Village,-13.6395817,32.248875,Kasenengwa,Kasenengwa,Mulima,Sunflower,163
Nkowelani,-14.28721,32.0685,Katete,Chanjoka-Kameta,Katete C,Soy Bean,8640
Nobbies,-10.0951833,30.1352317,Northern,Lunte,Lunte B,Navy Bean,432
Nobbies,-10.0951833,30.1352317,Northern,Lunte,Lunte B,Sugar bean,3723
Northern Settlement,-12.171205,25.440222,North-Western,Musele & Kisasa,Musele & Kisasa,Sugar bean,566
Ntondo,-13.32706,32.651587,Chipangali,Chinunda,Chitandika,Groundnut,325
Ntondo,-13.32706,32.651587,Chipangali,Chinunda,Chitandika,Soy Bean,2823
Nyavi,-12.125969,33.061586,Chipangali,Nkhanga,Nkhanga,Groundnut,4461
Osward Kombe - Musundu,-9.9742,29.89771,Northern,Kawambwa,Kawambwa,Navy Bean,17900
Osward Kombe - Musundu,-9.9742,29.89771,Northern,Kawambwa,Kawambwa,Sugar bean,3384
Patricia Chisanga - Muyembe,-10.096561,30.07501,Northern,Lunte,Lunte C,Navy Bean,14405
Patricia Chisanga - Muyembe,-10.096561,30.07501,Northern,Lunte,Lunte C,Sugar bean,6890
Pecha,-10.211739,30.360469,Northern,Lunte,Lunte A,Navy Bean,10300
Pecha,-10.211739,30.360469,Northern,Lunte,Lunte A,Sugar bean,7950
Pwata POD,-13.6286675,32.3150376,Kasenengwa,Kasenengwa,Pwata,Cowpea,469
Pwata POD,-13.6286675,32.3150376,Kasenengwa,Kasenengwa,Pwata,Soy Bean,30127
Pwata POD,-13.6286675,32.3150376,Kasenengwa,Kasenengwa,Pwata,Sunflower,90
Pwata POD,-13.6286675,32.3150376,Kasenengwa,Kasenengwa,Pwata,Sunnhemp,42
Rightwell Ndashi - Mwenda,-10.486721,29.1769869,Northern,Chipili,Chipili,Navy Bean,9017
Rightwell Ndashi - Mwenda,-10.486721,29.1769869,Northern,Chipili,Chipili,Sugar bean,1522
Rosemary Chikonda - Mwenda,-12.825723,30.869452,Northern,Lavushimanda,Lavushimanda,Sugar bean,4563
Ruth Mphande - Chasamwa,-12.183159,33.093865,Chipangali,Nkhanga,Nkhanga,Groundnut,652
Ruth Mphande - Chasamwa,-12.183159,33.093865,Chipangali,Nkhanga,Nkhanga,Soy Bean,31
Sanja,-10.3625631,29.9691514,Northern,Luwingu,Luwingu B,Navy Bean,521
Sanja,-10.3625631,29.9691514,Northern,Luwingu,Luwingu B,Sugar bean,3486
Shapi,-10.0959217,30.136193,Northern,Lunte,Lunte B,Navy Bean,18957
Shapi,-10.0959217,30.136193,Northern,Lunte,Lunte B,Sugar bean,39199
Shenegene,-12.27794,25.35061,North-Western,Musele & Kisasa,Musele & Kisasa,Sugar bean,1409
Shidongwe,-14.2413967,24.9659233,Western,Kalumwange,Kalumwange North,Groundnut,541
Shidongwe,-14.2413967,24.9659233,Western,Kalumwange,Kalumwange North,Soy Bean,32645
Siabvuma BP,-13.6822867,32.329535,Kasenengwa,Kasenengwa,Katondo,Cowpea,103
Siabvuma BP,-13.6822867,32.329535,Kasenengwa,Kasenengwa,Katondo,Soy Bean,49289
Siabvuma BP,-13.6822867,32.329535,Kasenengwa,Kasenengwa,Katondo,Sunnhemp,50
Simecha,-13.612314,32.384602,Kasenengwa,Kasenengwa,Katondo,Cowpea,458
Simecha,-13.612314,32.384602,Kasenengwa,Kasenengwa,Katondo,Soy Bean,17287
Simecha,-13.612314,32.384602,Kasenengwa,Kasenengwa,Katondo,Sunnhemp,193
Simoni SNV,-14.215101,32.025867,Katete,Chanjoka-Kameta,Katete C,Soy Bean,264
Skelenge,-14.28805,25.05541,Western,Mulambwa,Mulambwa North,Groundnut,19410
Skelenge,-14.28805,25.05541,Western,Mulambwa,Mulambwa North,Soy Bean,357
Soweto,-11.954102,32.964876,Chipangali,Chasefu,Chasefu,Groundnut,924
Soweto,-11.954102,32.964876,Chipangali,Chasefu,Chasefu,Soy Bean,9250
Sunday,-10.2497664,29.9073708,Northern,Kawambwa,Kawambwa,Navy Bean,865
Sunday,-10.2497664,29.9073708,Northern,Kawambwa,Kawambwa,Sugar bean,1821
Tambala,-13.441816,32.553714,Chipangali,Mnukwa,Mnukwa,Soy Bean,27176
Temelani,-14.313525,31.93141,Katete,Chanjoka-Kameta,Katete B,Soy Bean,14018
Thaulo SNV,-14.227147,31.966997,Katete,Chanjoka-Kameta,Katete B,Soy Bean,528
Tomu Ilunga,-12.31075,25.10866,North-Western,Musele & Kisasa,Musele & Kisasa,Sugar bean,1094
Trial Buyback Point,,,Test Region,// Kabwe,// Kabwe Central,Soy Bean,500
Twashuka,-10.201042,30.411644,Northern,Lunte,Lunte A,Navy Bean,14750
Twashuka,-10.201042,30.411644,Northern,Lunte,Lunte A,Sugar bean,10050
Twikatane,-10.0420251,30.143176,Northern,Lunte,Lunte B,Navy Bean,9118
Twikatane,-10.0420251,30.143176,Northern,Lunte,Lunte B,Sugar bean,8060
Vincent Bulaya Market,-9.595314,30.537789,Northern,Lunte,Lunte D,Navy Bean,5160
Vincent Bulaya Market,-9.595314,30.537789,Northern,Lunte,Lunte D,Sugar bean,2972
Yambani,-13.423423,32.305988,Chipangali,Mphomwa,Kamwanjiri,Soy Bean,8450
Yohane Market Shed,-9.662748,30.523843,Northern,Lunte,Lunte D,Navy Bean,9096
Yohane Market Shed,-9.662748,30.523843,Northern,Lunte,Lunte D,Sugar bean,2094
Zemba SNV,-14.187913,31.978905,Katete,Chanjoka-Kameta,Katete C,Soy Bean,363
Zoto,-13.8387675,32.1568935,Katete,Katete-Thiwi,Thiwi,Soy Bean,21042
Zungula,-13.7062404,32.3952237,Kasenengwa,Kasenengwa,Kasenengwa,Groundnut,253
Zungula,-13.7062404,32.3952237,Kasenengwa,Kasenengwa,Kasenengwa,Soy Bean,22380